<?xml version="1.0" encoding="UTF-8"?>
<project-private xmlns="http://www.netbeans.org/ns/project-private/1">
    <editor-bookmarks xmlns="http://www.netbeans.org/ns/editor-bookmarks/2" lastBookmarkId="0"/>
    <open-files xmlns="http://www.netbeans.org/ns/projectui-open-files/2">
        <group>
            <file>file:/C:/Users/PC_Lima/OneDrive/LP2/2024-2/Laboratorio%2009/Backend/EventMasterSoftWSBL/web/index.html</file>
            <file>file:/C:/Users/PC_Lima/OneDrive/LP2/2024-2/Laboratorio%2009/Backend/EventMasterSoftWSBL/src/java/pe/edu/pucp/eventmastersoft/config/datosConexion.txt</file>
            <file>file:/C:/Users/PC_Lima/OneDrive/LP2/2024-2/Laboratorio%2009/Backend/EventMasterSoftWSBL/web/archivo.disco</file>
        </group>
    </open-files>
</project-private>
